{
  "project_info": {
    "project_number": "989557151698",
    "project_id": "login-register-firebase-45764",
    "storage_bucket": "login-register-firebase-45764.appspot.com"
  },
  "client": [
    {
      "client_info": {
        "mobilesdk_app_id": "1:989557151698:android:a036f0b0a10298525d1a0b",
        "android_client_info": {
          "package_name": "com.example.app"
        }
      },
      "oauth_client": [],
      "api_key": [
        {
          "current_key": "AIzaSyCZHx7XyIQcRapfZiddFzo2k93Dr_SNYOo"
        }
      ],
      "services": {
        "appinvite_service": {
          "other_platform_oauth_client": []
        }
      }
    }
  ],
  "configuration_version": "1"
}